topic,gamma,document_id,advertiser,text
1,0.9993106899940087,225,Simply Vote,"Night #3 of the Republican National Convention:

Night three of the Republican National Convention featured speeches from Sen. JD Vance of Ohio, Donald Trump's vice-presidential pick, and others who made various misleading statements. Vance claimed that Trump had opposed the 2003 US invasion of Iraq, but fact-checkers revealed Trump had not publicly opposed the invasion before it happened. In fact, Trump made statements that suggested he was in favor of it at the time. Another speaker, Kimberly Guilfoyle, asserted that Trump handed Biden a booming economy, which was also misleading. While the economy was doing well before the pandemic, it suffered significantly during 2020, with high unemployment and a major GDP decline.

The convention also included several other false claims. A video criticized Biden for wages declining under his administration, a claim proven outdated as wages had been rising since mid-2023. RNC Chairman Michael Whatley falsely claimed the 2020 economy was stronger than the current one, overlooking the severe impact of the pandemic. Newt Gingrich incorrectly stated Trump orchestrated an orderly end to the Afghanistan war, despite US troops leaving under Biden. Additionally, various speakers made inaccurate statements about the US military, the Middle East under Trump, and the economy, further highlighting the night’s pattern of misleading rhetoric.

Night #2 of the Republican National Convention:

During the second night of the Republican National Convention, various speakers made several false and misleading claims, with a heavy focus on immigration and crime. House Speaker Mike Johnson and Rep. Elise Stefanik falsely claimed that violent crime and drugs have dramatically increased under President Biden. However, FBI data shows that violent crime has actually dropped significantly in the U.S. since 2023, with murder rates experiencing the fastest decline ever recorded. Similarly, Steve Scalise's claim about Biden eroding American energy dominance was misleading, as U.S. crude oil production reached record highs in 2023.

Further exaggerations included Eric Hovde's statement about fentanyl deaths and Kari Lake's false assertion about undocumented immigrants voting in the upcoming election. Hovde incorrectly claimed over 100,000 fentanyl deaths annually due to open borders, while Lake falsely stated that Rep. Ruben Gallego voted to allow undocumented immigrants to vote, which did not happen. Additionally, Lara Trump's claims about record low unemployment rates under Trump overlooked the fact that these records were matched or surpassed during Biden's presidency. 

Night #1 of the Republican National Convention:

At the Republican National Convention, a video featuring former President Donald Trump urged Republicans to use ""every appropriate tool"" to defeat Democrats, including mail-in voting. Despite his past criticisms of mail-in voting, Trump reiterated his unsubstantiated claims of widespread election fraud in the 2020 election. However, these claims have been repeatedly debunked, with the 2020 election being described as the most secure in American history by the Trump administration's Cybersecurity and Infrastructure Security Agency. No significant evidence of voter fraud has been found that could have altered the outcome of the election, where Trump lost to Joe Biden by an Electoral College margin of 306 to 232.

In addition to Trump’s remarks, other speakers at the convention made various false or misleading claims. For example, Sen. Marsha Blackburn falsely claimed that the Biden administration hired 85,000 new IRS agents to harass Americans, a number derived from a misinterpreted Treasury Department report. Similarly, Sen. Katie Britt inaccurately suggested that Americans are taking on second jobs more frequently under Biden due to the cost of living, despite data showing the number of multiple job holders has not surpassed pre-pandemic levels. Lt. Gov. Mark Robinson’s statements about economic conditions under Biden and Trump also contained inaccuracies, such as exaggerating gas price increases and omitting the economic downturn at the end of Trump’s term due to the pandemic.

#simplyvote  #RNC  #CNN"
1,0.9984038653987783,511,Aric Nesbitt,"On my recent visit to the southern border, TX State Senator Phil King showed us what Texas residents are experiencing and how their elected officials are addressing the problem. We discussed why this matters to Michiganders and all Americans - drugs, felons, and crime are spilling over the border with illegal alien apprehensions reaching almost 4 million since March 2021.

We toured Eagle Pass, a town of 28,000, with the TX Department Of Public Safety and witnessed first hand the Biden Administration’s disastrous open border policy. This is a town that saw thousands of illegal alien apprehensions daily as of December 2023. Then, the state of Texas stepped up along with national guardsmen & law enforcement from other states to stem the flow. Today, the daily apprehensions are reduced to single digits. So, of course, the Biden Administration has decided to sue the State of Texas to take the border barriers down. 

We are a country of laws and a country that accepts a million LEGAL immigrations every year (no other country in the world comes close). I’m told by those on the frontline that two policy changes would help reverse course. First, we must return to the “Remain in Mexico” policy implemented by President Trump. Second, we need to enforce the laws currently on the books for those entering the country illegally from being able to apply for immigration status for 10 years. It’s clear that President Biden’s refusal to enforce current law and his revoking of President Trumps executive orders created this border crisis.

This is why Michigan Senate & House Republicans have introduced legislation to ban sanctuary jurisdictions in Michigan, increase penalties for those that deal fentanyl and poison our families, along with calling on the Biden Administration  to end their disastrous open border policies. We need to act now."
1,0.9977722481357659,775,Ben Shapiro,"In the latest episode of The Divided States of Biden, I reveal how Joe Biden's horrible policies have created the most severe drug crisis in American history. Join me for episode 2, 'Fentanyl: America's Silent Epidemic'. Available now on DailyWire+.,In the latest episode of The Divided States of Biden, I reveal how Joe Biden's horrible policies have created the most severe drug crisis in American history. Join me for episode 2, 'Fentanyl: America's Silent Epidemic'. Available now on DailyWire+.,Joe Biden's policies on immigration and drugs have been catastrophic for everyday Americans, with fentanyl as the #1 killer of adults aged 18-45. 

Join me on the ground as I expose the real world consequences of one of the most destructive presidencies in American history in the latest episode of my new series, The Divided States of Biden. Watch episode 2, 'Fentanyl: America's Silent Epidemic' now on DailyWire+.,Joe Biden's policies on immigration and drugs have been catastrophic for everyday Americans, with fentanyl as the #1 killer of adults aged 18-45. 

Join me on the ground as I expose the real world consequences of one of the most destructive presidencies in American history in the latest episode of my new series, The Divided States of Biden. Watch episode 2, 'Fentanyl: America's Silent Epidemic' now on DailyWire+."
1,0.9975598098258566,800,DailyWire+,"President Joe Biden is tearing America apart. Join Ben Shapiro on the ground as he exposes the real world consequences of one of the most destructive presidencies in American history. 

In the latest episode of his new series, The Divided States of Biden, Ben covers the topic of fentanyl, the leading cause of death in adults aged 18-45. Watch now on DailyWire+.,President Joe Biden is tearing America apart. Join Ben Shapiro on the ground as he exposes the real world consequences of one of the most destructive presidencies in American history. 

In the latest episode of his new series, The Divided States of Biden, Ben covers the topic of fentanyl, the leading cause of death in adults aged 18-45. Watch now on DailyWire+.,President Joe Biden is tearing America apart. Join Ben Shapiro on the ground as he exposes the real world consequences of one of the most destructive presidencies in American history. 

In the latest episode of his new series, The Divided States of Biden, Ben covers the topic of fentanyl, the leading cause of death in adults aged 18-45. Watch now on DailyWire+."
1,0.9975598095616507,771,Ben Shapiro,"Joe Biden's policies on immigration and drugs have been catastrophic for everyday Americans, with fentanyl as the #1 killer of adults aged 18-45. 

Join me on the ground as I expose the real world consequences of one of the most destructive presidencies in American history in the latest episode of my new series, The Divided States of Biden. Watch episode 2, 'Fentanyl: America's Silent Epidemic' now on DailyWire+.,Joe Biden's policies on immigration and drugs have been catastrophic for everyday Americans, with fentanyl as the #1 killer of adults aged 18-45. 

Join me on the ground as I expose the real world consequences of one of the most destructive presidencies in American history in the latest episode of my new series, The Divided States of Biden. Watch episode 2, 'Fentanyl: America's Silent Epidemic' now on DailyWire+.,Joe Biden's policies on immigration and drugs have been catastrophic for everyday Americans, with fentanyl as the #1 killer of adults aged 18-45. 

Join me on the ground as I expose the real world consequences of one of the most destructive presidencies in American history in the latest episode of my new series, The Divided States of Biden. Watch episode 2, 'Fentanyl: America's Silent Epidemic' now on DailyWire+."
1,0.9970166866936401,37,First Freedoms Foundation,"🚨 Our Southern Border Needs Strong Leadership – President Trump Delivers! 🚨

The situation at our southern border is out of control, and it’s clear that we need a leader who will take decisive action to protect our country. While Kamala Harris and the Biden administration have ignored the crisis and let illegal immigration spiral, President Trump had a powerful, effective policy that kept our borders secure and our communities safe. 🛡️

Under President Trump, we saw historic progress in securing the border, reducing illegal crossings, and stopping dangerous drugs like fentanyl from entering our country. He understood the importance of putting America first, ensuring that our borders were strong and our laws were enforced.

It's time to bring back the leadership that works for the American people. Let’s stand with President Trump and his commitment to restoring order at our southern border! 🇺🇸

#Trump2024 #SecureTheBorder #AmericaFirst #RestoreLawAndOrder"
1,0.9969847322293734,1280,American Savers Today,"🇺🇸 America has gone down the drained ever since Sleepy Joe took office...

And we all know if Trump isn't back in 2024, America is doomed..

That's why if you are a proud MAGA patriot, take this short poll below and let us know you will support Trump in 2024.

And we'll send you this limited edition GIFT FOR FREE!

Hurry, claims yours now before we run out!

Today Is The FINAL DAY To Claim! Tap Below To Claim Yours Now!👇,🇺🇸 America has gone down the drained ever since Sleepy Joe took office...

And we all know if Trump isn't back in 2024, America is doomed..

That's why if you are a proud MAGA patriot, take this short poll below and let us know you will support Trump in 2024.

And we'll send you this limited edition GIFT FOR FREE!

Hurry, claims yours now before we run out!

Today Is The FINAL DAY To Claim! Tap Below To Claim Yours Now!👇"
1,0.9969187219562626,823,DailyWire+,"President Joe Biden is tearing America apart, from the reckless crisis on the southern border to weak policies on drugs. Join Ben Shapiro on the ground as he exposes the real world consequences of one of the most destructive presidencies in American history. 

In the latest episode of his new series, The Divided States of Biden, Ben covers the topic of fentanyl, the leading cause of death of adults aged 18-45. Watch now on DailyWire+.,President Joe Biden is tearing America apart, from the reckless crisis on the southern border to weak policies on drugs. Join Ben Shapiro on the ground as he exposes the real world consequences of one of the most destructive presidencies in American history. 

In the latest episode of his new series, The Divided States of Biden, Ben covers the topic of fentanyl, the leading cause of death of adults aged 18-45. Watch now on DailyWire+."
1,0.996777622817799,27,Ben Shapiro,"How did fentanyl become the leading cause of death in adults ages 18-45? There's no mystery there. Biden's policies are to blame. Join me on the ground as I show the real world effects of Biden's horrendous policies in the latest episode of my new series, The Divided States of Biden.,How did fentanyl become the leading cause of death in adults ages 18-45? There's no mystery there. Biden's policies are to blame. Join me on the ground as I show the real world effects of Biden's horrendous policies in the latest episode of my new series, The Divided States of Biden.,How did fentanyl become the leading cause of death in adults ages 18-45? There's no mystery there. Biden's policies are to blame. Join me on the ground as I show the real world effects of Biden's horrendous policies in the latest episode of my new series, The Divided States of Biden."
1,0.9965819697356914,804,Daily Wire,"Ben Shapiro visited one of America's forgotten cities devastated by the fentanyl crisis. He spoke with family members of those who have died from drug overdoses and showcases just how out of hand this crisis has gotten. ""The Divided States of Biden"" is available to stream now on DailyWire+,Ben Shapiro visited one of America's forgotten cities devastated by the fentanyl crisis. He spoke with family members of those who have died from drug overdoses and showcases just how out of hand this crisis has gotten. ""The Divided States of Biden"" is available to stream now on DailyWire+,Ben Shapiro visited one of America's forgotten cities devastated by the fentanyl crisis. He spoke with family members of those who have died from drug overdoses and showcases just how out of hand this crisis has gotten. ""The Divided States of Biden"" is available to stream now on DailyWire+"
2,0.9985809032002907,645,Fentanyl Free Communities,"RSVP Now for the FFCF May Gala & Win Big!

Michele Hein, Chair of the Fentanyl Free Communities Foundation, invites you to the FFCF May Gala, an evening dedicated to inspiration, recognition, and taking action against the fentanyl crisis. And here's an added bonus: with every gala ticket purchase, you stand a chance to win 4 tickets to see the Twins vs. the White Sox on April 23!

Special Raffle Announcement:

As a token of our appreciation, every gala ticket purchased by April 18 enters you into a raffle to win 4 Champion Club tickets and valet parking for the Twins game. It's a fantastic way to enjoy a live game while supporting a crucial cause. Remember, the raffle ends on April 18, so secure your spot now!

Event Details: 

- Date: Friday, May 17, 2024  
- Time: 6:00 PM - 9:00 PM  
- Location: Southview Country Club, 239 Mendota Road East, West St Paul, MN 55118  
- Dress Code: Semi-formal Attire

Why Attend?  

Your attendance fuels our mission to educate, advocate, and push for policy changes, moving us toward fentanyl-free communities. Highlights of the gala include:

- Inspiring Insights: Don't miss the chance to hear from Congresswoman Angie Craig and Hennepin County Sheriff Dawanna Witt, as well as powerful stories from young adults in recovery.
- Silent Auction: Bid on exclusive items, from sports memorabilia to chef-prepared dinners, movie tickets, and more. All proceeds support our cause.
- Networking Opportunities: Connect with individuals committed to making a difference.

Tickets are $150 per person, with full tables available for $1,350. Each ticket includes appetizers, dinner, dessert, and beverages.

RSVP and Ticket Info: fentanylfreecommunities.org/rsvp

@[1264749215:2048:Michele Law Hein] @[100002535945200:2048:Michelle Loberg] @[1186140468:2048:Brian Hilgardner] @[100077458432573:2048:Paul Ostrow]

#OpioidAwareness #FacesofFentanyl #FentanylCrisis #FFCFMayGala #CompassionateAction #FentanylFreeCommunities #FocusonFentanyl #LessLivesLost #OnePillCanKill #Minneapolis #Minnesota #StPaul #Twincities #fentanylchangeseverything"
2,0.9985809032002907,646,Fentanyl Free Communities,"RSVP Now for the FFCF May Gala & Win Big!

Michele Hein, Chair of the Fentanyl Free Communities Foundation, invites you to the FFCF May Gala, an evening dedicated to inspiration, recognition, and taking action against the fentanyl crisis. And here's an added bonus: with every gala ticket purchase, you stand a chance to win 4 tickets to see the Twins vs. the White Sox on April 23!

Special Raffle Announcement: 
As a token of our appreciation, every gala ticket purchased by April 18 enters you into a raffle to win 4 Champion Club tickets and valet parking for the Twins game. It's a fantastic way to enjoy a live game while supporting a crucial cause. Remember, the raffle ends on April 18, so secure your spot now!

Event Details: 
- Date: Friday, May 17, 2024  
- Time: 6:00 PM - 9:00 PM  
- Location: Southview Country Club, 239 Mendota Road East, West St Paul, MN 55118  
- Dress Code: Semi-formal Attire

Why Attend?  
Your attendance fuels our mission to educate, advocate, and push for policy changes, moving us toward fentanyl-free communities. Highlights of the gala include:

- Inspiring Insights: Don't miss the chance to hear from Congresswoman Angie Craig and Hennepin County Sheriff Dawanna Witt, as well as powerful stories from young adults in recovery.
- Silent Auction: Bid on exclusive items, from sports memorabilia to chef-prepared dinners, movie tickets, and more. All proceeds support our cause.
- Networking Opportunities: Connect with individuals committed to making a difference.

Tickets are $150 per person, with full tables available for $1,350. Each ticket includes appetizers, dinner, dessert, and beverages.

RSVP and Ticket Info: fentanylfreecommunities.org/rsvp

@[1264749215:2048:Michele Law Hein] @[100002535945200:2048:Michelle Loberg] @[1186140468:2048:Brian Hilgardner] @[100077458432573:2048:Paul Ostrow]

#OpioidAwareness #FacesofFentanyl #FentanylCrisis #FFCFMayGala #CompassionateAction #FentanylFreeCommunities #FocusonFentanyl #LessLivesLost #OnePillCanKill #Minneapolis #Minnesota #StPaul #Twincities #fentanylchangeseverything"
2,0.9982976868183645,641,Fentanyl Free Communities,"FFCF Gala on May 17, 2024

We are honored to announce that Sheriff Dawanna Witt will speak at the Fentanyl Free Communities Foundation Gala on May 17, 2024! 

Join us at the Southview Country Club to hear from the esteemed Hennepin County Sheriff. With her deep commitment to community service and extensive experience in law enforcement, Sheriff Witt will address the urgent issue of the fentanyl crisis in Minnesota, sharing her insights and the progressive steps being taken to combat this epidemic.

📅 Date: May 17, 2024
⏰ Time: 6:00 PM - 9:00 PM
📍 Location: Southview Country Club, West St Paul, MN
👗 Dress Code: Semi-formal Attire

Why Attend?

Educate & Advocate: Support our mission to educate, raise awareness, and drive policy changes.

Inspiring Insights: Enjoy speeches and stories from those at the forefront of recovery and reform.

Silent Auction: Bid on exclusive items from sports memorabilia to unique experiences.

Networking Opportunities: Connect with like-minded individuals passionate about creating fentanyl-free communities.

Tickets are $150 each, or secure a full table of 10 for $1,350. Each ticket includes a delicious meal and beverages. 

To reserve your spot and for more information, visit fentanylfreecommunities.org/rsvp/.

Don’t miss this unforgettable night of empowerment and community action. Together, we can make a difference!

@[1264749215:2048:Michele Law Hein] @[100002535945200:2048:Michelle Loberg] @[1186140468:2048:Brian Hilgardner] @[100077458432573:2048:Paul Ostrow]

#FFCF #FentanylFree #CommunityStrong #PublicSafety #OpioidAwareness #FacesofFentanyl #FentanylCrisis #CompassionateAction #FentanylFreeCommunities #FocusonFentanyl #LessLivesLost #OnePillCanKill #Minneapolis #Minnesota #StPaul #Twincities #fentanylchangeseverything
#FFCF #Gala2024 #CommunitySupport #MakeADifference"
2,0.9981996991549138,643,Fentanyl Free Communities,"Join Us at the FFCF Gala on May 17, 2024!

FFCF Gala Details
•⁠  ⁠Date: Friday, May 17, 2024
•⁠  ⁠Time: 6:00 PM - 9:00 PM
•⁠  ⁠Location: Southview Country Club, 239 Mendota Road East, West St Paul, MN 55118
•⁠  ⁠Dress Code: Semi-formal Attire

Why Should You Attend?

Your presence at the gala represents a powerful commitment to our mission of educating, promoting awareness, and advocating for policy changes to achieve fentanyl-free communities. It promises to be an unforgettable evening, featuring:

•⁠  ⁠Inspiring Insights: Hear from influential speakers such as Congresswoman Angie Craig, Representative Dave Baker, and Sheriff Dawanna Witt, along with impactful stories from individuals advancing in their recovery.
•⁠  ⁠Silent Auction: Bid on various exclusive items—from sports memorabilia to unique experiences—all to support our vital cause.
•⁠  ⁠Networking Opportunities: Connect with like-minded individuals dedicated to creating fentanyl-free communities.

Tickets are $150 each, or secure a full table of 10 for $1,350. Each ticket includes a delicious meal and beverages. We look forward to seeing you for a meaningful engagement and community support night.

@[1264749215:2048:Michele Law Hein] @[100002535945200:2048:Michelle Loberg] @[1186140468:2048:Brian Hilgardner] @[100077458432573:2048:Paul Ostrow] @[100000140814975:2048:Ryan M Vasquez] @[100064435944061:2048:Hennepin County Sheriff's Office] @[100044750823253:2048:Angie Craig] @[100057783560189:2048:Representative Dave Baker]

RSVP and Ticket Information: Visit http://fentanylfreecommunities.org/rsvp

#OpioidAwareness #FacesofFentanyl #FentanylCrisis #CompassionateAction #FentanylFreeCommunities #FocusonFentanyl #LessLivesLost #OnePillCanKill #Minneapolis #Minnesota #StPaul #Twincities #fentanylchangeseverything"
2,0.9981881101807322,644,Fentanyl Free Communities,"FFCF Gala on May 17, 2024

We’re excited that Congresswoman Angie Craig will be a keynote speaker at our Fentanyl Free Communities Gala! This event is a crucial platform for us to unite against the fentanyl crisis in Minnesota. We invite you to join us for an evening of inspiration and advocacy. 

🗓️ Date: Friday, May 17, 2024
⏰ Time: 6:00 PM - 9:00 PM
📍 Location: Southview Country Club, 239 Mendota Road East, West St. Paul, MN 55118
👗 Dress Code: Semi-formal Attire

Why attend the FFCF Gala?
- Inspiring Insights: Hear from influential voices, including Congresswoman Angie Craig, Representative Dave Baker, and Sheriff Dawanna Witt. Listen to powerful stories from individuals making significant strides in their recovery.
- Silent Auction: Bid on exclusive items ranging from sports memorabilia to unique experiences. Your contributions support our mission to create fentanyl-free communities.
- Networking Opportunities: Meet other dedicated individuals and leaders who are passionate about making a difference.

🎟️ Tickets: $150 each or $1,350 for an entire table of 10. Each ticket includes a delicious meal and beverages.

Don’t miss this powerful commitment to education, awareness, and advocacy. It promises to be an unforgettable evening of community support and meaningful engagement. We look forward to seeing you there!

RSVP and Ticket Information. Visit: http://fentanylfreecommunities.org/rsvp

#FentanylFreeCommunities #StopFentanylCrisis #CommunityAction #Minnesota #OpioidAwareness #FacesofFentanyl #FentanylCrisis #CompassionateAction #FentanylFreeCommunities #FocusonFentanyl #LessLivesLost #OnePillCanKill #Minneapolis #Minnesota #StPaul #Twincities #fentanylchangeseverything"
2,0.9981402235961002,642,Fentanyl Free Communities,"A Heartfelt Thank You to Our Sponsors!

The FFCF Gala on May 17 is fast approaching, and we extend our deepest gratitude to all our sponsors for their generous support. Your commitment is crucial in helping us bring the vision of a fentanyl-free community closer to reality.

📅 Join Us at the FFCF Gala on May 17, 2024!
📍 Location: Southview Country Club, 239 Mendota Road East, West St Paul, MN 55118
⏰ Time: 6:00 PM - 9:00 PM
👗 Dress Code: Semi-formal Attire

Why Should You Attend?
This evening promises not just an opportunity for meaningful engagement but an experience filled with:

Inspiring Insights: Hear from Congresswoman Angie Craig, Representative Dave Baker, Sheriff Dawanna Witt, and courageous stories from individuals thriving in recovery.
Silent Auction: Bid on exclusive items, from sports memorabilia to unique experiences, supporting our critical mission.
Networking Opportunities: Connect with individuals dedicated to creating a fentanyl-free future.
🎟 Tickets: $150 each, or secure a table of 10 for $1,350. Each ticket includes a delicious meal and beverages.

🚨 Seats are filling fast, but there's still a chance to join us! Secure your spot now and join a night combining compassion with action.

RSVP and Ticket Information: fentanylfreecommunities.org/RSVP

Let's unite to educate, promote awareness, and advocate for policy changes. We can't wait to see you there!

#OpioidAwareness #FacesofFentanyl #FentanylCrisis #CompassionateAction #FentanylFreeCommunities #FocusonFentanyl #LessLivesLost #OnePillCanKill #Minneapolis #Minnesota #StPaul #Twincities #fentanylchangeseverything"
2,0.9980634552147851,650,Fentanyl Free Communities,"Join Us at the FFCF Gala on May 17, 2024!

FFCF Gala Details
•⁠  ⁠Date: Friday, May 17, 2024
•⁠  ⁠Time: 6:00 PM - 9:00 PM
•⁠  ⁠Location: Southview Country Club, 239 Mendota Road East, West St Paul, MN 55118
•⁠  ⁠Dress Code: Semi-formal Attire

Why Should You Attend?
Your presence at the gala represents a powerful commitment to our mission of educating, promoting awareness, and advocating for policy changes to achieve fentanyl-free communities. It promises to be an unforgettable evening, featuring:
•⁠  ⁠Inspiring Insights: Hear from influential speakers such as Congresswoman Angie Craig, Representative Dave Baker, and Sheriff Dawanna Witt, along with impactful stories from individuals advancing in their recovery.
•⁠  ⁠Silent Auction: Bid on various exclusive items—from sports memorabilia to unique experiences—all to support our vital cause.
•⁠  ⁠Networking Opportunities: Connect with like-minded individuals dedicated to creating fentanyl-free communities.
Tickets are $150 each, or secure a full table of 10 for $1,350. Each ticket includes a delicious meal and beverages. We look forward to seeing you for a meaningful engagement and community support night.

@[1264749215:2048:Michele Law Hein] @[100002535945200:2048:Michelle Loberg] @[1186140468:2048:Brian Hilgardner] @[100077458432573:2048:Paul Ostrow]

RSVP and Ticket Information: Visit http://fentanylfreecommunities.org/rsvp

#OpioidAwareness #FacesofFentanyl #FentanylCrisis #CompassionateAction #FentanylFreeCommunities #FocusonFentanyl #LessLivesLost #OnePillCanKill #Minneapolis #Minnesota #StPaul #Twincities #fentanylchangeseverything"
2,0.9980634519983496,647,Fentanyl Free Communities,"FFCF Gala on May 17, 2024

We welcome Representative Dave Baker as a guest speaker at the Fentanyl Free Communities Foundation Gala on May 17, 2024! 

Join us for a moving evening at the Southview Country Club as we address the critical fentanyl crisis in our community. Rep. Baker brings a deeply personal connection to our cause, having lost his son to opioid addiction. His tragic loss has fueled his dedication to combatting the opioid epidemic through significant legislative action.

📅 Date: Friday, May 17, 2024
⏰ Time: 6:00 PM - 9:00 PM
📍 Location: Southview Country Club, 239 Mendota Road East, West St Paul, MN
👗 Dress Code: Semi-formal Attire

Why Should You Attend?
- Educational and Inspirational Talks: Learn from key figures like Rep. Baker, who will share his personal and legislative experiences in tackling opioid misuse.
- Silent Auction: Come to our silent auction, featuring a variety of exclusive items in support of our mission.
- Networking Opportunities: Meet with others passionate about creating fentanyl-free communities.

Tickets are $150 each, or secure a full table of 10 for $1,350. Each ticket includes a delicious meal and beverages. To reserve your spot and for more information, please visit fentanylfreecommunities.org/rsvp/

Let’s stand together to support the vital work of the Fentanyl Free Communities Foundation and make a difference in our community!

#FFCF #FentanylAwareness #CommunityHealth #PublicSafety"
2,0.9976216638329624,792,Fentanyl Free Communities,"May Gala 2024

Join us for the inaugural Fentanyl Free Communities Foundation Gala at Southview Country Club and make a difference.

Date: Friday, May 17, 2024  
Time: 6:00 PM – 9:00 PM  
Location: Southview Country Club, 239 Mendota Road East, West St Paul, MN 55118  
Dress Code: Semi-formal Attire

Why Attend?  
Your attendance fuels our mission through education, outreach, and policy initiatives to create fentanyl-free communities. This elegant evening promises:

- Inspiring Insights: From Congresswoman Angie Craig and Hennepin County Sheriff Dawanna Witt, who are leading voices in public health and safety and young adults in recovery.
- Silent Auction: Bid on exclusive sports memorabilia, a chef-made dinner for 6, movie tickets, themed baskets, and more, with all proceeds bolstering our cause.
- Networking: Connect with individuals who share your passion for making a difference.

Tickets: $150 per person or $1,350 for a full table of ten. The price includes an appetizer, dinner, dessert, coffee, tea, and water.

RSVP NOW! Join us in building safer communities, one life at a time. fentanylfreecommunities.org/rsvp"
2,0.9975598094560937,791,Fentanyl Free Communities,"Join us for the inaugural Fentanyl Free Communities Foundation Gala at Southview Country Club and make a difference.

Date: Friday, May 17, 2024  
Time: 6:00 PM – 9:00 PM  
Location: Southview Country Club, 239 Mendota Road East, West St Paul, MN 55118  
Dress Code: Semi-formal Attire

Why Attend?  
Your attendance fuels our mission through education, outreach, and policy initiatives to create fentanyl-free communities. This elegant evening promises:

- Inspiring Insights: From Congresswoman Angie Craig and Hennepin County Sheriff Dawanna Witt, who are leading voices in public health and safety and young adults in recovery.
- Silent Auction: Bid on exclusive sports memorabilia, a chef-made dinner for 6, movie tickets, themed baskets, and more, with all proceeds bolstering our cause.
- Networking: Connect with individuals who share your passion for making a difference.

Tickets: $150 per person or $1,350 for a full table of ten. The price includes an appetizer, dinner, dessert, coffee, tea, and water.

RSVP NOW! Join us in building safer communities, one life at a time. fentanylfreecommunities.org/rsvp"
3,0.999165616950643,319,Eddy4Congress,"""Fentanyl seizures at the SW border continue to set records, leading to 100,000 overdose deaths per year! This includes over 1,500 child deaths in 2021, 30x more than in 2013. Stop the chaos!""

Chris Eddy is committed to tackling the crisis at our borders and ensuring the safety and security of our communities. Join him in bringing civility, fiscal discipline, and security back to our nation. Vote for Chris Eddy for US Congress District 25. Let's stop the chaos together!

👍 Like our Facebook Page at https://www.facebook.com/eddy4congress and visit our Website at https://www.eddy4congress.com to support a veteran and proven leader for Congress!

Chris Eddy was a member of the U.S. Air Force and the use of his military rank, job titles, and photographs in uniform does not imply endorsement by the U.S. Air Force or the U. S. Department of Defense.

This ad is paid for and approved by Chris Eddy, Republican for U.S. Congress.,""Fentanyl seizures at the SW border continue to set records, leading to 100,000 overdose deaths per year! This includes over 1,500 child deaths in 2021, 30x more than in 2013. Stop the chaos!""

Chris Eddy is committed to tackling the crisis at our borders and ensuring the safety and security of our communities. Join him in bringing civility, fiscal discipline, and security back to our nation. Vote for Chris Eddy for US Congress District 25. Let's stop the chaos together!

👍 Like our Facebook Page at https://www.facebook.com/eddy4congress and visit our Website at https://www.eddy4congress.com to support a veteran and proven leader for Congress!

Chris Eddy was a member of the U.S. Air Force and the use of his military rank, job titles, and photographs in uniform does not imply endorsement by the U.S. Air Force or the U. S. Department of Defense.

This ad is paid for and approved by Chris Eddy, Republican for U.S. Congress.,""Fentanyl seizures at the SW border continue to set records, leading to 100,000 overdose deaths per year! This includes over 1,500 child deaths in 2021, 30x more than in 2013. Stop the chaos!""

Chris Eddy is committed to tackling the crisis at our borders and ensuring the safety and security of our communities. Join him in bringing civility, fiscal discipline, and security back to our nation. Vote for Chris Eddy for US Congress District 25. Let's stop the chaos together!

👍 Like our Facebook Page at https://www.facebook.com/eddy4congress and visit our Website at https://www.eddy4congress.com to support a veteran and proven leader for Congress!

Chris Eddy was a member of the U.S. Air Force and the use of his military rank, job titles, and photographs in uniform does not imply endorsement by the U.S. Air Force or the U. S. Department of Defense.

This ad is paid for and approved by Chris Eddy, Republican for U.S. Congress.,""Fentanyl seizures at the SW border continue to set records, leading to 100,000 overdose deaths per year! This includes over 1,500 child deaths in 2021, 30x more than in 2013. Stop the chaos!""

Chris Eddy is committed to tackling the crisis at our borders and ensuring the safety and security of our communities. Join him in bringing civility, fiscal discipline, and security back to our nation. Vote for Chris Eddy for US Congress District 25. Let's stop the chaos together!

👍 Like our Facebook Page at https://www.facebook.com/eddy4congress and visit our Website at https://www.eddy4congress.com to support a veteran and proven leader for Congress!

Chris Eddy was a member of the U.S. Air Force and the use of his military rank, job titles, and photographs in uniform does not imply endorsement by the U.S. Air Force or the U. S. Department of Defense.

This ad is paid for and approved by Chris Eddy, Republican for U.S. Congress."
3,0.998918846852452,746,Rep. Dan Newhouse,"I am committed to delivering common-sense, actionable solutions to secure our borders, stop the flow of illicit fentanyl, and prioritize national security for the good of communities across Central Washington and the nation.,I am committed to delivering common-sense, actionable solutions to secure our borders, stop the flow of illicit fentanyl, and prioritize national security for the good of communities across Central Washington and the nation.,I am committed to delivering common-sense, actionable solutions to secure our borders, stop the flow of illicit fentanyl, and prioritize national security for the good of communities across Central Washington and the nation.,I am committed to delivering common-sense, actionable solutions to secure our borders, stop the flow of illicit fentanyl, and prioritize national security for the good of communities across Central Washington and the nation.,I am committed to delivering common-sense, actionable solutions to secure our borders, stop the flow of illicit fentanyl, and prioritize national security for the good of communities across Central Washington and the nation.,I am committed to delivering common-sense, actionable solutions to secure our borders, stop the flow of illicit fentanyl, and prioritize national security for the good of communities across Central Washington and the nation.,I am committed to delivering common-sense, actionable solutions to secure our borders, stop the flow of illicit fentanyl, and prioritize national security for the good of communities across Central Washington and the nation.,I am committed to delivering common-sense, actionable solutions to secure our borders, stop the flow of illicit fentanyl, and prioritize national security for the good of communities across Central Washington and the nation.,I am committed to delivering common-sense, actionable solutions to secure our borders, stop the flow of illicit fentanyl, and prioritize national security for the good of communities across Central Washington and the nation.,I am committed to delivering common-sense, actionable solutions to secure our borders, stop the flow of illicit fentanyl, and prioritize national security for the good of communities across Central Washington and the nation.,I am committed to delivering common-sense, actionable solutions to secure our borders, stop the flow of illicit fentanyl, and prioritize national security for the good of communities across Central Washington and the nation.,I am committed to delivering common-sense, actionable solutions to secure our borders, stop the flow of illicit fentanyl, and prioritize national security for the good of communities across Central Washington and the nation.,I am committed to delivering common-sense, actionable solutions to secure our borders, stop the flow of illicit fentanyl, and prioritize national security for the good of communities across Central Washington and the nation."
3,0.9987225874330606,752,Rep. Dan Newhouse,"I am committed to delivering common-sense, actionable solutions to secure our borders, stop the flow of illicit fentanyl, and prioritize national security for the good of communities across Central Washington and the nation.,I am committed to delivering common-sense, actionable solutions to secure our borders, stop the flow of illicit fentanyl, and prioritize national security for the good of communities across Central Washington and the nation.,I am committed to delivering common-sense, actionable solutions to secure our borders, stop the flow of illicit fentanyl, and prioritize national security for the good of communities across Central Washington and the nation.,I am committed to delivering common-sense, actionable solutions to secure our borders, stop the flow of illicit fentanyl, and prioritize national security for the good of communities across Central Washington and the nation.,I am committed to delivering common-sense, actionable solutions to secure our borders, stop the flow of illicit fentanyl, and prioritize national security for the good of communities across Central Washington and the nation.,I am committed to delivering common-sense, actionable solutions to secure our borders, stop the flow of illicit fentanyl, and prioritize national security for the good of communities across Central Washington and the nation.,I am committed to delivering common-sense, actionable solutions to secure our borders, stop the flow of illicit fentanyl, and prioritize national security for the good of communities across Central Washington and the nation.,I am committed to delivering common-sense, actionable solutions to secure our borders, stop the flow of illicit fentanyl, and prioritize national security for the good of communities across Central Washington and the nation.,I am committed to delivering common-sense, actionable solutions to secure our borders, stop the flow of illicit fentanyl, and prioritize national security for the good of communities across Central Washington and the nation.,I am committed to delivering common-sense, actionable solutions to secure our borders, stop the flow of illicit fentanyl, and prioritize national security for the good of communities across Central Washington and the nation.,I am committed to delivering common-sense, actionable solutions to secure our borders, stop the flow of illicit fentanyl, and prioritize national security for the good of communities across Central Washington and the nation."
3,0.9982446051341826,803,City of Palmdale - Government,"[para español👇] 💪 Hey, AV youth! Want to make a difference in your community? 🎨

The City invites YOU to enter the Youth Multimedia Fentanyl Awareness Challenge! 

Join the fight against fentanyl and illicit drug use by entering a creative multimedia project in these categories:

🎶 An Original Song 
🎨 Artwork
✍️ Poetry
🎥 Video – Public Service Announcement

🗓️ Deadline: Monday, April 8
📢 Winning entries announced: Wednesday, April 13
💰Scholarships ranging from $100-$600 will be awarded to winning entries!
🌟 Winners will be featured on the City’s website and YouTube channel! 

➡️ View the complete rules and enter here: https://www.cityofpalmdaleca.gov/1263/Fentanyl-Awareness-Resources

---

💪 ¡Hola, jóvenes AV! ¿Quieres marcar la diferencia en tu comunidad? 🎨

¡La Ciudad te invita a participar en el Desafío de Concientización sobre el Fentanilo Multimedia para Jóvenes!

Únete a la lucha contra el fentanilo y el consumo de drogas ilícitas participando en un proyecto multimedia creativo en estas categorías:

🎶 Una canción original
🎨 Obra artística
✍️ Poesía
🎥 Video – Anuncio de Servicio Público

🗓️ Fecha límite: lunes 8 de abril
📢 Se anuncian las obras ganadoras: miércoles 13 de abril
💰¡Se otorgarán becas que van desde $ 100 a $ 600 a las entradas ganadoras!
🌟 ¡Los ganadores aparecerán en el sitio web y el canal de YouTube de la Ciudad!

➡️ Consulta las bases completas e ingresa aquí: https://www.cityofpalmdaleca.gov/1263/Fentanyl-Awareness-Resources"
3,0.9981996990948366,854,City of Palmdale - Government,"[para español👇] AV Youth: Join us for a FREE 3-day fentanyl awareness program for youth ages 12-17! 

🗓️ Tuesday-Thursday, March 26-28
⏰ 10 a.m.-2 p.m.

This program will cover: 
🔹 Personal self-management skills: develop strategies for making healthy decisions, reducing stress and managing anger
🔹 General social skills: strengthen communication skills and learn how to build healthy relationships
🔹 Drug resistance skills: understand the consequences of substance use, risk-taking and the influences of media

Locations: 
📍 Palmdale Oasis Park Recreation Center (3850 E. Ave. S)
📍 Lancaster Community Center (44611 Yucca Ave)

Register: https://www.cityofpalmdaleca.gov/FormCenter/City-Managers-Office-39/Fentanyl-Awareness-Summer-Program-184

#FightFentanylAV

---

AV Youth: ¡Únase a nosotros en un programa GRATUITO de conciencia sobre el fentanilo de 3 días para jóvenes de 12 a 17 años!

🗓️ martes a jueves, 26 al 28 de marzo
⏰ 10 a.m.-2 p.m.

Este programa cubrirá:
🔹 Habilidades de autogestión personal: desarrollar estrategias para tomar decisiones saludables, reducir el estrés y gestionar la ira
🔹 Habilidades sociales generales: fortalece las habilidades de comunicación y aprende a construir relaciones saludables
🔹 Habilidades de resistencia a las drogas: comprenda las consecuencias del uso de sustancias, la asunción de riesgos y las influencias de los medios de comunicación.

Ubicaciones:
📍Centro recreativo Palmdale Oasis Park (3850 E. Ave. S)
📍Centro Comunitario de Lancaster (44611 Yucca Ave)

Inscríbase: https://www.cityofpalmdaleca.gov/FormCenter/City-Managers-Office-39/Fentanyl-Awareness-Summer-Program-184"
3,0.9981763718251917,857,City of Palmdale - Government,"AV Youth: Join us for a FREE 3-day fentanyl awareness program for youth ages 12-17! 

🗓️ Tuesday-Thursday, March 26-28
⏰ 10 a.m.-2 p.m.

This program will cover: 
🔹 Personal self-management skills: develop strategies for making healthy decisions, reducing stress and managing anger
🔹 General social skills: strengthen communication skills and learn how to build healthy relationships
🔹 Drug resistance skills: understand the consequences of substance use, risk-taking and the influences of media

Locations: 
📍 Palmdale Oasis Park Recreation Center (3850 E. Ave. S)
📍 Lancaster Community Center (44611 Yucca Ave)

Register: https://www.cityofpalmdaleca.gov/FormCenter/City-Managers-Office-39/Fentanyl-Awareness-Summer-Program-184

#FightFentanylAV

---

AV Youth: ¡Únase a nosotros en un programa GRATUITO de conciencia sobre el fentanilo de 3 días para jóvenes de 12 a 17 años!

🗓️ martes a jueves, 26 al 28 de marzo
⏰ 10 a.m.-2 p.m.

Este programa cubrirá:
🔹 Habilidades de autogestión personal: desarrollar estrategias para tomar decisiones saludables, reducir el estrés y gestionar la ira
🔹 Habilidades sociales generales: fortalece las habilidades de comunicación y aprende a construir relaciones saludables
🔹 Habilidades de resistencia a las drogas: comprenda las consecuencias del uso de sustancias, la asunción de riesgos y las influencias de los medios de comunicación.

Ubicaciones:
📍Centro recreativo Palmdale Oasis Park (3850 E. Ave. S)
📍Centro Comunitario de Lancaster (44611 Yucca Ave)

Inscríbase: https://www.cityofpalmdaleca.gov/FormCenter/City-Managers-Office-39/Fentanyl-Awareness-Summer-Program-184"
3,0.9976013927618236,455,Jim Vanbrederode,"As a former police chief, I've witnessed the opioid crisis here in Rochester – enough is enough, we need to: 

- Stop the flow of fentanyl coming across our southern border 
- Use the opioid settlement funds to increase funding for addiction & recovery programs in Rochester
- Create a treatment and recovery plan for people visiting our emergency rooms and hospitals for overdoses,As a former police chief, I've witnessed the opioid crisis here in Rochester – enough is enough, we need to: 

- Stop the flow of fentanyl coming across our southern border 
- Use the opioid settlement funds to increase funding for addiction & recovery programs in Rochester
- Create a treatment and recovery plan for people visiting our emergency rooms and hospitals for overdoses,As a former police chief, I've witnessed the opioid crisis here in Rochester – enough is enough, we need to: 

- Stop the flow of fentanyl coming across our southern border 
- Use the opioid settlement funds to increase funding for addiction & recovery programs in Rochester
- Create a treatment and recovery plan for people visiting our emergency rooms and hospitals for overdoses"
3,0.9967403057164695,346,Americans for Prosperity-Montana,"Concerned About the Crisis at the Southern Border?

As seen on Fox News, Newsmax, and News Nation, retired Chief Patrol Agent Chris Clem brings unparalleled expertise and firsthand knowledge about the Southern Border crisis.

Join Americans for Prosperity-Montana as we host Chief Clem in Great Falls, Montana!

Event Details:

Date: Wednesday, June 26th
Time: 6:30 PM
Location: Holiday Inn @ Great Falls Convention Center, 1100 5th St. South, Great Falls, MT 59405

Chief Clem will be joined by @@[100038889942354:2048:Aaron Flint], the renowned ""King of Montana Radio"" and military veteran. This free event offers a unique opportunity to hear directly from an experienced leader about the situation at the Southern Border and, more importantly, to learn what YOU can do about it.

Seating is limited, so please RSVP at www.securebordersecuremontana.com."
3,0.9965399614770212,345,Americans for Prosperity-Montana,"Concerned About the Crisis at the Southern Border?

As seen on Fox News, Newsmax, and News Nation, retired Chief Patrol Agent Chris Clem brings unparalleled expertise and firsthand knowledge about the Southern Border crisis.

Join Americans for Prosperity-Montana as we host Chief Clem in Bozeman, Montana!

Event Details:

Date: Thursday, June 27th
Time: 6:30 PM
Location: AC Hotel Bozeman Downtown, 110 N. Tracy Ave, Bozeman, MT 59715

Chief Clem will be joined by @[100038889942354:2048:Aaron Flint], the renowned ""King of Montana Radio"" and military veteran. This free event offers a unique opportunity to hear directly from an experienced leader about the situation at the Southern Border and, more importantly, to learn what YOU can do about it.

Seating is limited, so please RSVP at www.securebordersecuremontana.com."
3,0.996539960604689,347,Americans for Prosperity-Montana,"Concerned About the Crisis at the Southern Border?

As seen on Fox News, Newsmax, and News Nation, retired Chief Patrol Agent Chris Clem brings unparalleled expertise and firsthand knowledge about the Southern Border crisis.

Join Americans for Prosperity-Montana as we host Chief Clem in Kalispell, Montana!

Event Details:

Date: Tuesday, June 25th
Time: 6:30 PM
Location: Hilton Garden Inn, 1840 Hwy 93 South, Kalispell, MT 59902

Chief Clem will be joined by @[100038889942354:2048:Aaron Flint], the renowned ""King of Montana Radio"" and military veteran. This free event offers a unique opportunity to hear directly from an experienced leader about the situation at the Southern Border and, more importantly, to learn what YOU can do about it.

Seating is limited, so please RSVP at www.securebordersecuremontana.com."
4,0.9996103270144492,1196,Logan Mantz for Hampshire County Commissioner,"It All Starts with a Plan…. 

Throughout the next few months (and for the next couple of years if I am elected to the Hampshire County Commission), I will do my utmost to stress the importance of planning for the long-term health of our community.   This is the first policy position that I will write in relation to my run for County Commission and I have chosen to write it on the importance of planning because I believe good planning to be the most important concept that we can adopt as a County, so please bear with me for the next few pages. 
 
I spent my most formative adult years in the Army, where planning was central to mission success and troop safety.  Planning is the way that we prepare for the challenges that we are going to face so that we’re not surprised by them and forced to come up with solutions on the fly, and it’s a part of nearly every aspect of our lives. Businesses plan out important next steps like expansions or new product lines so that they are timed appropriately and don’t endanger current operations, and families have personal finance plans to make sure that that an emergency repair or family vacation doesn’t make anyone miss the mortgage payment. But most of us never think about whether there is a plan for communities we live in.  

The County Comprehensive plan and associated planning process is meant to help citizens understand what the plan is for their community as well as guide the policy makers so that they aren’t forced to come up with answers on the fly (reactive governance vs. proactive).  It’s my firm belief that our comprehensive plan in Hampshire County is woefully inadequate and that updating this plan will help to guide our leaders for the years to come.  I fell in love with planning for local governments during Law School through my work with communities around the state, and although I will elaborate where necessary, I’ll do my best to summarize why I’m so passionate about planning below. 

What is a Comprehensive Plan and Why is it Important?  
In 2008, WV State Code was updated to make Comprehensive Plans mandatory in order for County Governments to be able to implement a Subdivision / Land Development Ordinance or regulate land use generally.  Comprehensive plans have their own robust set of requirements by state code to make sure that public input and review is heavily incorporated during the planning process and to make sure that certain key considerations are addressed by the community in formation of this plan.  There’s an entire section of code which spells out which components of a comprehensive plan are mandatory and which additional sections may be added to help communities that wish to have even more detailed analysis (W.Va. Code §8A-3 is the controlling code section for Comprehensive Plans).  

 It’s important to pause here and note that there are two very distinct ways that Counties can treat comprehensive plans:  The first way is to treat the comprehensive plan as just another box that must be checked, ensure that the statutory minimums are incorporated into the plan, and place the plan on a shelf once completed.  The second way is to lean heavily into the planning process, use it as a means of capturing the goals that citizens have for their community, and use those goals to set the actual priorities for policy makers for the years to come.  

Although I want to be clear that I do not fault anyone involved in the planning process here in Hampshire County, I think it’s fair to say that it appears we as a county have chosen the first approach to comprehensive plans described above.  In 2009 our Hampshire County comprehensive plan was developed and the resulting document met all of the statutory requirements for a comprehensive plan.  The plan was largely shelved until 2019, when it was updated (updates are required every ten years by statute).    
During the 2019 update, we as a county went through all of the statutorily required steps and the document that we now have meets all of the technical requirements for a Comprehensive Plan; but the update largely saw an incorporation of new demographic figures into an old plan and very little was changed otherwise.  

I want to be very clear here:  I do not believe that our County Planning Commission did anything wrong in updating the plan this way.  If the plan was only going to be used to check a box and never actually relied upon (which has historically been the case here), then updating the plan this way was actually the smart choice because it allowed us to save resources.  

If, however, we wish to use the plan as a means of guiding our policy makers going forward, the current plan is not up to the task.  In addition to essentially being a 15-year-old plan that was seemingly not intended to be used in the first place, the current plan does not contemplate the major events that have happened to our community since 2009 and what we can do to address them.  

In the last fifteen years, our community, like many in rural WV, has been ravaged by the opioid crisis.  Few people in our community are still strangers to the devastation that prescription opioid abuse, heroine, methamphetamine, and fentanyl have visited upon the people that call Hampshire County Home. But strategies to combat the opioid epidemic - one of the largest issues our community is facing - are not found anywhere in our County’s comprehensive plan.  
 
Another critical issue that is necessarily absent from our current plan is the strategy that our County has in place to help preserve our rural atmosphere, culture, and heritage in the era of post-pandemic development pressure.  An indisputable side effect of the Covid pandemic was the phenomenon known as urban flight.  Many folks that found themselves in our nation's metropolitan areas during the lock-down have committed to finding a new home away from the hustle and bustle, which has translated into unprecedented levels of development pressure here in Hampshire County.  This is not to say that development pressure only brings bad things, but we need to develop a deliberate and clear plan to help us use this growth pressure to take care of some of our community’s problems while preserving the things that we treasure most. 

If we as a community were to decide that updating our Comprehensive Plan was a priority, we could use the planning process as an opportunity to let our leaders know the things that matter most to us as a citizenry.  The comprehensive plan’s public meetings, open houses, and planning events are the primary means by which public input can inform and drive public policy for the years to come.  

The process of incorporating public input into the comprehensive plan is one of the main reasons I feel so strongly about local government planning.  Growing up here, I can remember everyone telling me that it didn’t matter what the people wanted or how much they complained because the folks in charge of the government would just do what they wanted anyway.  This planning process is the way that this sentiment is addressed.  

When our citizens can come together and set out their goals as a community, and these goals are incorporated into a good plan, the policy makers’ jobs get a lot easier: they just need to implement the plan that’s based on their citizens' input.  

As much as I do have my own opinions about where our County’s priorities should be (I’ll write more about these opinions later), I believe that my opinions will never be more important than the opinions of our citizens; and the comprehensive plan is the place that those opinions are captured for our policy makers to rely upon.  

I’ve now had the privilege of working on the implementation of several comprehensive plans which were largely informed by public input and I can easily say that it has been some of the most rewarding work of my legal career.   

In sum, good policy doesn’t happen by accident.  Good policy happens by careful examination of the threats and opportunities that a community faces and crafting of a deliberate course of action that’s heavily informed by input from the citizens that make up the community itself.  It’s for these reasons that I’ll come back to the title of this post.  It all starts with a plan…"
4,0.9996054108998197,67,Kurstin Johnson for New Mexico,"Results matter. Excuses, excuses, excuses. It's time for a change.
#nmpol #abqcrime #itstimeforchange

EDITORIAL: If excuses solved crime, Albuquerque would be the safest city in America

Excuses, excuses, excuses.

If excuses for inaction on crime are good campaign issues, Democratic candidates for the Statehouse are poised for another landslide victory in November.

The excuses for not taking action during July’s special legislative session on any of Gov. Michelle Lujan Grisham’s public safety proposals were flying like Frisbees at last week’s meetings of the Courts, Corrections & Justice Committee — an interim bicameral committee of 32 state lawmakers that meets between legislative sessions.

Lawmakers need more time, more research into the unintended consequences of crime proposals, more expert testimony, more discussion, more doughnuts and coffee from the nearby table that sustained them throughout the day-long hearings Monday, Tuesday and Wednesday, and for which they automatically receive a daily per diem of $231, plus mileage.

During the committee’s hearing Tuesday morning, state Sen. Mimi Stewart, D-Albuquerque and president pro tempore of the New Mexico Senate, said lawmakers needed more time to address incompetency in New Mexico’s criminal statues, a huge loophole that forms the foundation of our revolving-door justice system.

Lawmakers discussed an “off-ramp” to the governor’s proposal of requiring the temporary detention of defendants who are deemed incompetent in certain felony cases, which a working group is calling “outpatient competency restoration.”

“We’re all struggling to understand this and come up with solutions,” Stewart said. “What does an outpatient competency restoration look like, and are they really doing this in other states?”

New Mexico Supreme Court Justice Briana Zamora responded that most states do have provisions for outpatient and residential competency restoration in their criminal laws.

“We don’t have a good behavioral health system already,” Stewart continued. “We don’t have enough assisted outpatient treatment, so instead we’re going to focus on an outpatient competency restoration? … It just sort of screams immediately to me that these are people who need treatment. They need treatment, they need housing, they need to pull themselves out of poverty ... It just seems backwards and crazy making to think that that’s what we’re going to focus on.”

House Speaker Javier Martínez is not a member of the Courts, Corrections & Justice Committee, but he made a cameo appearance Tuesday morning, summing up the defensive posture of Democrats after they summarily rejected all of the Democratic governor’s proposed public safety measures in July.

“This is the first opportunity I get to address some of the misconceptions and misinformation that took place post-special session,” Martínez said. “These are complicated issues and not only are we trying our best, we are doing a damn good job of addressing these issues.”

Speaker Martínez appeared agitated by the Journal’s July 21 editorial, “NM Dems appear to care more about criminals than their victims,” reading excepts to the Courts, Corrections & Justice Committee.

“It goes on to say ‘How hard is it to require court-ordered behavioral health treatment for repeat offenders accused of a serious violent offense?’” the speaker said. “Clearly it is very difficult. This is the kind of process, madame chair, that quite frankly should have been invested in, time-wise, by the executive, and it just was not. This is the kind of process that it takes to really get to a point where you can have a substantive proposal that we can all debate, and that we can all amend, and that we can all work collaboratively on to get across the finish line. This is how much work it takes, and this is just one group. There have been several processes playing out throughout the state, through a number of different agencies, working their way through whatever process gets set forth.”

The speaker’s word salad was a vegan’s delight, and he kept the salad dressing flowing.

“It goes on to say, back to the editorial, ‘How hard is it to pass a law prohibiting loitering on a median no wider than 36 inches?’” he continued. “Very hard. I was in Silver City this weekend and I saw a group of kids from Silver High fund-raising, and I looked at the median ... and that’s probably about 18 inches. That would have been made illegal (by one of the governor’s proposals) and I’m wondering would local police departments have been enforcing that? I seriously doubt it, because as they always tell me, they have bigger fish to fry.”

Comparing a group of students raising money in the median in Silver City for an hour or two on a weekend to the daily sight of people standing in the medians of Albuquerque shows how much the speaker and other Democratic leaders are flailing in the wake of the failed special session.

The excuses didn’t stop there. Speaker Martínez then turned his aim directly at the governor.

“Had we rubber-stamped those proposals during the special, first of all, I guarantee you there would be lawsuits left and right, so these things wouldn’t have actually been implemented for a while,” the speaker continued. “And even if they were implemented, the unintended consequences of depriving someone of their constitutional liberties, simply because a member of government drove past an intersection and saw somebody smoking fentanyl and their sensibilities were so impacted that they cast such a wide net is, is, would be a tragedy.”

Martínez announced Tuesday he was canceling his Journal subscription. If he hadn’t, he might have read Thursday’s front-page story about a homeless man breaking windows at multiple Old Town businesses and the Albuquerque Museum Tuesday morning while also setting fire to The Shop at Old Town. He might have read that damages to glass panels at the Albuquerque Museum are estimated to cost over $38,000. He might have read about Outpost 1706 owner and former New Mexico State Police Chief Pete Kassetas saying city and state leaders are of no help. He might have read that Old Town business owners are worried the area is turning into another Central Avenue corridor.

What is not misinformation is that House and Senate Democrats did not give any of the governor’s proposed bills a single committee hearing during the special session. What is not a misconception is that the body wash and shampoo are now locked up behind plexiglass at drug stores in Albuquerque. What is factual is that 3,217 defendants charged with 16,045 crimes since 2017 have had their cases dismissed after being found incompetent to stand trial. What is not complicated is that U.S. News & World Report ranks New Mexico the most dangerous state in America based on violent and property crime rates.

Listening to state lawmakers talk about crime can be dismaying. Progressive Democrats have become as soft on crime as the jelly-filled doughnuts that sustain them throughout their day-long jeremiad lamentations about why they can’t really do anything about crime.

Fortunately, there’s an election on the horizon and all 112 legislative seats are up for grabs, even in Albuquerque’s House District 11, where Speaker Martínez is being challenged by Republican Bart Kinney.

Voters have a clear choice in November: More excuses and the status quo with the defund-the-police special interest groups running the state, or fundamental change on public safety.

We’re rooting for fundamental change.

This editorial first appeared in the Albuquerque Journal. It was written by members of the editorial board and is unsigned as it represents the opinion of the newspaper rather than the writers.

By Albuquerque Journal Editorial Board Aug 16, 2024 Updated Aug 16, 2024 

https://www.abqjournal.com/opinion/editorials/editorial-if-excuses-solved-crime-albuquerque-would-be-the-safest-city-in-america/article_2b0a16cc-5c0e-11ef-ad47-ebdcf5565900.html"
4,0.9991017098127064,60,Brian Maher,"MAHER ANNOUNCES REP. ROLISON TO CARRY “IDENTIFY DANGEROUS DRUGS ACT” IN THE SENATE: URGES COLLEAGUES TO ADDRESS NEW DEADLY SYNTHETIC OPIOID

Assemblyman Brian Maher (R,C-Walden) announced today that State Senator Rob Rolison will carry his bill, known as the “Identify Dangerous Drugs Act,” in the State Senate. This move creates additional momentum for a critical proposal aimed at ensuring hospitals and healthcare professionals have the necessary tools to address the escalating threat posed by dangerous synthetic opioids. 

Carfentanil is a synthetic opioid that has recently been detected in New York City and has been linked to multiple overdose deaths as its potency is enough to sedate an elephant. The introduction of carfentanil into the drug supply represents a terrifying escalation in the opioid crisis, as its potency far exceeds that of even the most dangerous substances previously encountered.

Carfentanil, alongside other well-known synthetics like fentanyl and xylazine, continues to ravage our communities, yet we lack the full understanding of how many overdoses they have caused. 

The Senate version of the “Identify Dangerous Drugs Act” will now seek to gain cosponsors, with hopes of turning this issue into a bipartisan effort going into this upcoming years legislative session, recognizing the urgent need to address a new synthetic opioid that has been linked to several overdose deaths in the New York City area.

“Now is the time to urge our colleagues to take notice of newer synthetic opioids that will eventually reach every corner of our state and country,” explained Maher. “While NYC health officials have linked some overdose deaths to this horrifying new synthetic, we have no way of telling how widespread it already is or if it has already begun reaching further upstate and into the Hudson Valley region.” 

Maher’s bill emphasizes the importance of equipping law enforcement and healthcare professionals with the latest information and tools to detect and respond to these potent substances. As the crisis deepens, this proposal could play a crucial role in preventing further loss of life and better preparing New York State to face the evolving landscape of the opioid epidemic. 

“I am proud to sponsor the Senate version of my friend and colleague Assemblyman Brian Maher’s legislation,” said Rep. Rob Rolison. “Deadly synthetic opioids like carfentanil have infiltrated our communities, and their extreme potency renders conventional medical protocols ineffective. With over 100,000 Americans dying from overdoses each year, the drug crisis has reached epidemic proportions. Our bills would provide up-to-date, actionable information to medical professionals, equipping them to save lives in this life-or-death struggle against these new super-opioids and other lethal substances.”

Overdose fatalities have surged across all racial and ethnic groups, with death rates increasing five-fold for Black New Yorkers, quadrupling for Hispanic or Latino New Yorkers, and nearly tripling for white New Yorkers. This is not an individual problem; this is an epidemic that has impacted every New Yorker in some way, shape, or form. Maher continues to stress that these statistics demand immediate and decisive action."
4,0.9990469635297379,382,Brian Maher,"MAHER CALLS FOR ACTION TO COMBAT FENTANYL CRISIS AND DANGEROUS SYNTHETIC DRUGS IN NEW YORK

In response to the ongoing opioid crisis and the tragedy of Paige Gibbons, a 19-year-old college freshman from New York who died of a fentanyl overdose after taking just one pill, Assemblyman Brian Maher (R,C-Walden) urges his colleagues to take action on critical proposals he has both authored and supported, which are aimed at reducing overdose deaths and improving drug identification in hospitals. The measures, which include a proposal to increase the availability of higher-dose opioid reversal agents (A.8075D) and the “Identify Dangerous Drugs Act” (A.7746), seek to address the growing threat of fentanyl and other synthetic drugs.

Maher’s support of (A.08075), which was passed in the Assembly but not the Senate, aims to amend the mental hygiene law and the public health law to allow for the use of higher milligram doses of opioid reversal agents. This change is necessary to combat the increasing potency of synthetic opioids like fentanyl, which is up to 50 times stronger than heroin and 100 times more potent than morphine. 

“The public health crisis has evolved and continues to grow significantly, transitioning from prescription drugs to heroin and now predominantly to fentanyl and other analogs,” said Maher. “As synthetic opioids present a formidable challenge due to their unparalleled potency, it is essential that all communities in New York have access to every life-saving FDA-approved opioid reversal agent. We also must pass the ‘Identify Dangerous Drugs Act’ to better treat overdose patients and address the complexities of this issue.”

The “Identify Dangerous Drugs Act” will commission a comprehensive study on overdose patients receiving treatment in New York hospitals. The aim is to address the incapability of current hospital drug testing to identify “novel psychoactive substances.” Hundreds of new deadly synthetic drugs have been introduced onto the streets of New York since 2009, yet without accurate identification, patients cannot be properly diagnosed or treated.

“This young woman losing her life is devastating, and what makes this even more tragic is the reality that overdoses like this happen every single day in New York,” continued Maher. “The Department of Health’s standing order for opioid reversal medications hasn’t changed since this young woman lost her life in 2022, but over that same time frame, nearly 8,000 New Yorker’s have died from fentanyl overdoses and poisonings. Enough is enough. We must take action either during a special session of the Legislature or early on in the next legislative session.” 

The numbers in New York are striking, with synthetic opioid-related overdoses, mainly due to fentanyl, rising from just 18 cases in 1999 to a staggering 4,950 in 2022. These legislative efforts from Maher and his colleagues are critical steps towards reversing this trend and saving lives.

-30-"
4,0.99898511311415,999,Senator Mike Stuart for WV,"I am BUILT to be a strong West Virginia Attorney General.
 
MakeWVGreatAgain.com  is the website.
 
The video for my campaign for Attorney General of the Great State of West Virginia is attached below. Check it out.
 
My family hails from Barbour County; my dad was a coal miner for 51+ years and my mom was a nurse; I was raised in the Morgantown area and graduated from Morgantown High; My wife and her family are from Fairmont; We've raised our family in Kanawha County;. In the Senate, I represent Lincoln, Logan, Boone and Kanawha counties. My story, well, it’s the West Virginia story.
 
There are only TWO people in West Virginia that were nominated by President Trump to be in his Administration and confirmed by the United States Senate.  I am one of those two people.  My opponent is not the other.  In fact, I was President Trump’s personal pick for United States Attorney.
 
I’m a PROVEN conservative with a voting record to match. I co-chaired President Trump's West Virginia campaign in 2016, served as the United States Attorney, defeated a 4-term, 16-year Democrat incumbent by 17% in a 6:1 Democrat District on my way to the State Senate, and now I'm running for West Virginia Attorney General.
 
I had a BIG, HISTORIC record as United States Attorney- prosecuted two corrupt members of the West Virginia Supreme Court; largest Medicaid fraud prosecution in the history of West Virginia; largest elder fraud prosecution in West Virginia history; spent years on the frontlines of the opioid crisis; largest drug raid in the history of West Virginia targeting nearly 100 drug dealers; largest meth takedown in the history of West Virginia (or Ohio); and took enough fentanyl off the streets to kill more than 40 MILLION people.
 
We live in an era of fake news, cancelled truth, ESG, woke corporate boards, cultural warriors, climate crazies, gender confusion, election uncertainty, drug normalization, indoctrinators and history haters. You know who is responsible to protect you and fight all of those things in West Virginia? The Attorney General. You better hire a real conservative and someone with a proven record who's not afraid to fight. Like I said, I'm built to be the Attorney General.
 
I’m endorsed by the West Virginia Coal Association, coal miners, oil and gas workers, multiple veterans groups, gun owners and great people from all across the great state of West Virginia.
 
We can’t afford a RINO as the next Attorney General. It’s a serious job with serious ramifications for the people of West Virginia. Real jobs and our values hang in the balance. If you’re voting record says “RINO,” well, you’re a RINO.
 
As for me-  I’m a 100% proven tested unapologetically bonafide America First Trump-supporting conservative!"
4,0.9988711494825627,63,Wayne Yevoli for State Senator 20,"📰 ""If excuses solved crime, Albuquerque would be the safest city in America,"" said the @[100064802858013:2048:Albuquerque Journal]'s Editorial Board in an eye-popping op-ed shedding light and frustration on the crime epidemic facing our community. 

The editorial DID NOT MINCE WORDS about the fact that our current elected progressive democratic super majority is directly to blame for this Crime Epidemic. It's worth pointing out, that data-driven and evidence based solutions were offered during the past legislative session, but Progressive Democrats refused to even give those bills a hearing! 😡😡

I was outraged to learn that our current sitting State Senator (and my opponent) joined in the efforts other elected/obstructionist Progressive Democrats to prevent ten crime-fighting bills from becoming law this session—including the ones aimed at keeping violent, repeat criminals off the streets and imposing harsher penalties on fentanyl dealers. 😡

From the Editorial:

""... House and Senate Democrats did not give any of the governor’s proposed bills a single committee hearing during the special session. What is not a misconception is that the body wash and shampoo are now locked up behind plexiglass at drug stores in Albuquerque. What is factual is that 3,217 defendants charged with 16,045 crimes since 2017 have had their cases dismissed after being found incompetent to stand trial. What is not complicated is that U.S. News & World Report ranks New Mexico the most dangerous state in America based on violent and property crime rates.

... Listening to state lawmakers talk about crime can be dismaying. Progressive Democrats have become as soft on crime as the jelly-filled doughnuts that sustain them throughout their day-long jeremiad lamentations about why they can’t really do anything about crime.

Fortunately, there’s an election on the horizon and all 112 legislative seats are up for grabs... Voters have a clear choice in November: More excuses and the status quo with the defund-the-police special interest groups running the state, or fundamental change on public safety. — We’re rooting for fundamental change.""

It is promising to see the Albuquerque Journal agree that current obstructionist, lenient Progressive Politicians and their ""defund the police"" policies are directly responsible for our communities being less safe. 

Read the full editorial here →  https://www.abqjournal.com/opinion/editorials/editorial-if-excuses-solved-crime-albuquerque-would-be-the-safest-city-in-america/article_2b0a16cc-5c0e-11ef-ad47-ebdcf5565900.html

If we want different outcomes, we must change our behaviors. If you want ""fundamental change on public safety,"" vote @[100079842340984:2048:Wayne Yevoli for State Senator 20]. 🗳

Addressing the crime crisis in our state is not complicated, and it's time to stop with the excuses. New Mexicans want change, now. Enough is enough. Vote WAYNE."
4,0.9987727102642991,678,Amanda Hernandez Troutman for Bullitt Co. Commonwealth’s Attorney,"I wanted to take a few moments to tell you about me and why I am running to be your next Bullitt County Commonwealth’s Attorney. 

I am Amanda Hernandez Troutman. 

First and foremost, I am a Christian. 
I am a wife, a mother, and a lifelong conservative Republican. My husband, Wes and I have three beautiful children- Remington, Arlington, and Huntington. Wes is a detective with the Louisville Metro Police Department, where he has worked since 2012. My husband and I are members of Southeast Christian Church Bullitt County, where we serve in the children’s ministry. Wes and I have both chosen a life of public service and believe that God has called upon us to help others. The Troutman family is blessed to call Bullitt County home and we are grateful to have each of you as our neighbors!

For the past 10 years, I have worked at the Commonwealth’s Attorney’s Office in Jefferson County. During my career as a felony prosecutor, I have seen firsthand the destruction caused by the growing national opioid crisis as well as a nationwide increase in violent crime. I have tried and won a variety of violent felony cases. Most recently, I tried a murder case resulting in a guilty conviction on all charges.

Unfortunately, many families in Bullitt County have been touched by these evils. Too many good families in Bullitt County have lost loved ones due to fentanyl and heroin overdoses. And just this year we have seen multiple homicides in Bullitt County. 

Drug traffickers and violent offenders must be held accountable for their actions and removed from our communities. As your Bullitt County Commonwealth’s Attorney, I will fight every day to make sure that Bullitt County remains a safe place for your children and mine. I will work diligently with our federal, state and local law enforcement agencies to ensure that our communities have the full support of the Commonwealth’s Attorney’s Office. 

This county needs a strong prosecutor who will work hard to ensure that our community stays the safe place we all love. As your Commonwealth’s Attorney, I will take cases to trial and do whatever work is necessary to hold criminals accountable. Thank you for your time and I would be honored to have your vote in May! 

I also want to thank each of you for taking the time out of your day to read this! I would appreciate if you would take a moment to share this post with your friends and family! I am humbled by the support I have received from each of you!

God Bless Bullitt County,

Amanda Hernandez Troutman"
4,0.9986929247628451,257,Scotty Jacobs for Supervisor 2024,"It’s time for a new generation of political leadership in San Francisco! 🌁 If you’re tired of ancient and out of touch leadership, then elect someone who is committed to being YOUR voice for common sense solutions in City Hall. We need younger elected officials who will put progress in front of ideology to tackle San Francisco’s most pressing issues. As your District 5 Supervisor, I will:

1️⃣ Actually get affordable housing built. We cannot have conversations about building housing and insist on 100% affordable housing units - that’s how you end up with minimal new housing builds in SF (thanks, @deanprestond5). 

2️⃣ Revitalize downtown by making it a live-work environment. That means fast-tracked conversion of low-density Class B and Class C offices to residential units, entertainment zones, and a 4AM last call. San Francisco should become the dance music capital 🪩🕺🏻💃🏻 of the West Coast (hey @fredagainagainagainagainagain, wanna run City Hall back sometime?)

3️⃣ Clean, safe streets for residents and families. I will support moving encampments and ensuring those suffering the most on our streets get the resources and treatment they need. Yes, that includes 5150 holds as a warm transition for those who receive City-provided Narcan. Yes, it also includes referring convicted, undocumented drug dealers to ICE. Yes, it means harsher sentencing guidelines for Fentanyl distribution.

4️⃣ Invest in MUNI 🚌, and create a City-administered program for our lower-income residents to leverage the same pre-tax commuter benefits as the ones available to those who work in tech.

5️⃣ Fully fund the police 👮, while investing in the tools (like Prop E technologies) to more rapidly apprehend criminals.

6️⃣ Fix our broken budget and end the nonprofit industrial complex in City Hall. We have a $16B budget (one of the largest municipal budgets in the world), nearly $6B of which goes to “outside vendors” with no performance metrics or accountability on how resources get used. We can’t spend that much money with crossed fingers - we need to double down on the organizations driving outcomes, and cut the fat everywhere else. 

#affordablehousing #sf #sanfrancisco"
4,0.9986618575642483,838,Senator Mike Stuart for WV,"I am BUILT to be a strong West Virginia Attorney General

MakeWVGreat.com is the new website. 

The ""Kickoff"" video for my campaign for Attorney General of the Great State of West Virginia is attached below. 

My family hails from Barbour County; I was raised in the Morgantown area and graduated from Morgantown High; My wife and her family are from Fairmont; and We've raised our family in Kanawha County.  I represent Lincoln, Logan, Boone and Kanawha in the Senate.  My story is the West Virginia story.  

I’m a PROVEN conservative with a voting record to match.  I co-chaired President Trump's state campaign in 2016, served as the US Attorney, beat a 4-term, 16-year Democrat incumbent by 17% in a 5:1 Democrat District, and now I'm running for West Virginia Attorney General.

I had a big, historic record as United States Attorney- prosecuted two members of the State Supreme Court; largest medicaid fraud prosecution in the history of West Virginia; largest drug raid in the history of West Virginia targeting nearly 100 defendants with 250 law enforcment officers; largest meth takedown in the history of West Virginia; took enough fentanyl off the streets to kill more than 40 million people; and proposed the ""Back the Blue"" license plate for which my truck has plate #0001. 

We live in an era of fake news, cancelled truth, ESG, woke corporate boards, cultural warriors, climate crazies, gender confusion, election uncertainty, drug normalization, indoctrinators and history haters. You know who is responsible to protect you and fight all of those things in West Virginia? The Attorney General. You better hire a real conservative and somone with a proven record who's not afraid to fight. Like I said, I'm built to be the Attorney General.

We can’t afford a RINO as the next Attorney General. It’s a serious job with serious ramifications for the people of West Virginia. Real jobs and our values hang in the balance.  If you’re voting record says “RINO,” well, you’re a RINO. 

As for me- 100% proven tested unapologetic bonafide America First conservative!"
4,0.9986618564202461,356,Jesus David Mendoza for  Congress,"My name is Jesús David Mendoza and I'm running for Congress in Arizona's 3rd Congressional District, currently held by Ruben Gallego, and I'm a legal immigrant from Colombia who is running for Congress to prevent the same radical socialism which took over many Latin American nations from taking over the United States.

Arizona's 3rd Congressional District contains much of South Phoenix, Downtown, and Maryvale, areas represented by Democrats for over 80 years in Congress. Over 80 years of single party leadership has resulted in poor infrastructure, a homelessness crisis, and the highest inflation rates in America.

The people of our community are craving a change - but we need resources to make that change and win in November. Democrats have lost over 31,000 registered voters since the 2022 cycle and recent polling suggests that 69% of voters would vote across party lines to support a candidate whose ideas they support.

Can you please contribute $50 or more to help us flip a critical district in America's most critical swing state?
https://secure.anedot.com/mendoza/contribute

Thank you to Kim Klacik for the ad inspiration.,My name is Jesús David Mendoza and I'm running for Congress in Arizona's 3rd Congressional District, currently held by Ruben Gallego, and I'm a legal immigrant from Colombia who is running for Congress to prevent the same radical socialism which took over many Latin American nations from taking over the United States.

Arizona's 3rd Congressional District contains much of South Phoenix, Downtown, and Maryvale, areas represented by Democrats for over 80 years in Congress. Over 80 years of single party leadership has resulted in poor infrastructure, a homelessness crisis, and the highest inflation rates in America.

The people of our community are craving a change - but we need resources to make that change and win in November. Democrats have lost over 31,000 registered voters since the 2022 cycle and recent polling suggests that 69% of voters would vote across party lines to support a candidate whose ideas they support.

Can you please contribute $50 or more to help us flip a critical district in America's most critical swing state?
https://secure.anedot.com/mendoza/contribute

Thank you to Kim Klacik for the ad inspiration."
5,0.999685620080275,41,True Crime Story Magazine,"Inside the Investigation of Noah Presgrove’s Mysterious Death — and the Unanswered Questions
By: People 

Police say they have ""conducted numerous interviews and reviewed leads and evidence""

In May, Oklahoma authorities released the long-awaited autopsy findings into the mysterious death of Noah Presgrove — but questions still remain and, in the weeks since the report was made public, PEOPLE has spoken to numerous individuals involved in the case to get more answers.

Noah’s bloodied and battered body was found early on Sept. 4, 2023, about a mile’s drive from a rowdy house party that he attended with friends the night before his death.

The 19-year-old Comanche, Okla., resident was naked, the base of his skull had been split in two, his spine was fractured and an 8-inch head wound peeled back part of his scalp to the bone, his autopsy states.

In a cover story in this week’s magazine, Oklahoma state police — who are continuing to investigate the death — tell PEOPLE that they don’t believe Noah was murdered but can’t comment further while their work continues. 

Initially, law enforcement arriving to the roadside scene where Noah’s body was reported by two drivers believed that the talented athlete and recent high school graduate had died in a road accident, possibly a hit-and-run. 

But the more that investigators examined the site, the more their suspicions darkened.

“We’ve had other people hit before, and we can recreate it and make it make sense,” says Jefferson County Sheriff Jeremie Wilson, who was one of the first responders on Sept. 4. “This whole situation didn’t sit well with me.”

Desperate for answers, Noah's family has launched their own campaign for the truth — including hiring a private investigator — to try and solve the heartbreaking case.

“We won’t stop until Noah has justice,"" says Dailen Presgrove, Noah’s 24-year-old brother, who hopes that by speaking with PEOPLE it will inspire someone who knows what happened to come forward.

Here's what to know about what's been confirmed in the case and what remains to be discovered.

What happened in the hours leading up to Noah’s death?

The tragedy that has consumed Noah’s family and friends began to unfold in the predawn darkness of Sept. 4, when two passing motorists spotted the teenager lying on the side of Oklahoma's Highway 81. Blood had pooled by his head. “It looked awful odd,” one of the drivers told 911. 

Tyler Hardy was one of the two 911 callers that morning and remained on the scene after reporting Noah’s body. Hardy tells PEOPLE the truck driver, the other caller, returned and waited as well.

“His legs were bent and his back was towards the road,"" Hardy says of Noah's body. ""His legs were towards the ditch, and his head was kind of just laid there right along ... His whole body was laid along the white line, but he was laying on what would've been his right side.” 

In May, the teen’s autopsy report, obtained by PEOPLE, revealed that he died of “multiple blunt force injuries” but that the cause of those injuries remains “undetermined.”

The autopsy includes some further details about Noah's final hours alive, which have been expanded upon by interviews with some of those close to him.

Noah was drinking at a house party in Terral, Okla., the night before he was found dead, according to his family and his best friend, 19-year-old Jack Newton.

At some point, Noah left the party and “rode an ATV ranger vehicle with several men that had a roll over incident,” according to a narrative describing the circumstances of his death in his full autopsy report, which was obtained by PEOPLE on May 13.

Additional details about what that ""incident"" entailed were not included in the report, which only noted that Noah survived and “returned to the party where he got into an argument."" He later left the party at an unspecified time.

Jack tells PEOPLE that, though he says he was asleep at the party at the time, he believes Noah left around 3:30 a.m. on Sept. 4. Another partygoer posted on social media about 10 minutes later that Noah was ""missing,"" and no one has said publicly that he was seen alive again.

Noah's brother Dailen previously told PEOPLE that investigators have collected Snapchats, videos and text messages from partygoers, however the timeline of events is still incomplete. The P.I. working with the family, Kathy Bingham, says she has zeroed in on two of the night's attendees and will be providing law enforcement with what she's learned.

An attorney for party host Avery Howard declined to answer specific questions for PEOPLE's cover story but said in a statement that she and her extended Wilcoxson family are working with investigators. (Noah's relatives say the party house wasn't searched after Noah's body was found.)

“The entire Wilcoxson family mourns the tragic death of Noah Presgrove,” lawyer Andrew Benedict said. “The Wilcoxson family has coordinated and cooperated with the investigating law enforcement agencies completely and intends to continue such cooperation until the investigation is concluded.”

How did Noah’s body end up on the side of the highway?

It is unclear when and where Noah died, but at 5:43 a.m. on Sept. 4, the first 911 caller reported seeing him along Highway 81.

According to the narrative of Noah’s death included in his autopsy, the two-lane highway passing through Terral is “poorly lit at night” with two traffic lanes including shoulders on each side and with a speed limit of 65 mph.

In the autopsy report, he was listed as a pedestrian but “no vehicle parts or debris,” were found on the road near his body. 

His brother previously told PEOPLE that authorities have told him that they do not believe Noah was involved in a hit and run.

Dr. Priya Banerjee is a board-certified forensic pathologist unconnected to the probe, but she has reviewed Noah’s autopsy that pinpoints his cause of death as blunt force injuries.

Whatever happened — accidental or nefarious — she says that she keeps coming back to this detail: Something seems to have hit Noah on the left side of his head. Hard.

“There’s so many possibilities, and nothing about the injury pattern [detailed in the autopsy report] will help narrow it down further,” Banerjee says in this week's cover story.

Why was Noah naked, wearing only mismatched shoes?

The state of Noah’s body is still the subject of many of his family’s most urgent and unanswered questions.

Naked, Noah wore only mismatched shoes: an Adidas on his left and a Hey Dudes on his right, per the autopsy report. “Debris and grass” were stuck in the laces of each, with more in the left shoe.

A silver-plated chain necklace from Noah’s grandmother lay scattered in pieces not far away, near remnants of a tooth. 

His undamaged shorts were first seen about 30 yards away.

Jack, Noah's best friend, tells PEOPLE that the shorts were actually borrowed from him: Noah put them on after cleaning himself up following the ATV incident

“The report answers some questions but also raises many more,” Dailen told PEOPLE after reviewing the report. ""I'm at a loss of words.""

What Is Noah’s manner of death?

The two most important components of an autopsy report are the cause and manner of death, the latter which essentially describes — “how did it happen?”

In solved cases, the manner of death is typically assigned the following categories: “natural,” “accident,” “suicide” or “homicide.” But there is another option.

In Noah’s case, the medical examiner has said that the 19-year-old died from “multiple blunt force injuries."" How Noah became injured in the first place, however, remains “unknown.”

Included in the autopsy report are toxicology tests, Those tests appeared clean, with no amphetamine, methamphetamine, fentanyl, cocaine, opiates, PCP, barbiturates, or benzodiazepines detected in his system. (The panel of tests are not designed to detect other drugs like oxycodone, methadone or clonazepam.) 

Alcohol was found in Noah's system, although it’s unclear what effect, if any, that had in the circumstances surrounding his death.

“At this time, what transpired on how the body was found on the road having multiple blunt force injuries is unknown,” medical examiner Leonardo Roquero wrote in the autopsy report. “Therefore, the manner of death is deemed undetermined.”

What are police still looking for? 

Oklahoma’s Department of Public Safety previously confirmed to PEOPLE that while authorities are not “currently” investigating the case as a murder, “The investigation is not over.”

“Investigators have conducted numerous interviews and reviewed leads and evidence,” Sarah Stewart of the state’s law enforcement agency said in the May 2 statement, noting that Noah’s death case remains open and is currently being jointly investigated by the Oklahoma Highway Patrol and Oklahoma State Bureau of Investigation.

“There are many conflicting accounts of that night,” says Noah's brother. “With so much time passing, it seems that the stories are changing. Other times it feels that they are reading off of a script. It’s hard to trust anyone.”

State authorities ask that if anyone has information about Noah’s death, contact them at 580-353-0783.

#truecrime #truecrimecommunity #noahpresgrove #whathappened  
#bluntforcetrauma #fetalposition #laborday #labordayweekend #labordayweekend2023 #unsolvedmystery #SuspiciousDeath #unsolved #justicefornoah #JusticeForNoahPresgrove"
5,0.9992751906188501,1096,Lori McCann - Idaho State Representative - District 6a,"Happy Friday!  Here is my Friday Message, describing some of the goings on at the Capitol this week.
Please let me know if you have any questions!
———

Representative Lori McCann
January 26, 2024
FRIDAY MESSAGE
 
Another busy week at the Capitol ends with several bills moving out of committee that might be of interest to you.  
In House Education, we passed HB422, the new Charter Act.  This bill helps ensure we keep the best of our Charter Schools by rewarding them with a lengthier certificate if they show good performance and that the Charter has met all requirements under the law.  This law will also look deeper into those Charters that are not meeting requirements, losing students, and teachers, by having a group of mentors that will go in and work with the Charter School to help them improve, or they will no longer be able to continue.  This bill passed out of Committee with only 1 no vote, and the no vote had some very valid questions that will be monitored.  This new Act repeals and replaces the old one.  The Charter movement started more than 25 years ago in Idaho, and is one of many school-choice options for Idaho families.
Another education bill that went through State Affairs is HB415.  This bill makes it legal for Teachers and others to carry a concealed weapon while teaching or working in the school building.  I have been receiving so many emails regarding this.  Right now, it is over 4:1 against allowing this.  I would love to hear from school districts, teachers, school board members/trustees, and parents.  I am very conflicted about this bill.  The enhanced carry does require some training, but does it train and work with these folks who may have never carried a weapon, to act in a severely stressful situation?  Please let me know how you feel about this.
The Fentanyl bill I mentioned in my last message, HB 406, with mandatory minimums made it through the Judicial and Rules Committee with no recommendation to the body.  This means they did not overwhelmingly pass the bill and send it with a “due pass recommendation.”  The bill is being supported by law enforcement, prosecutors, and others, but is not supported by the judiciary as it takes any discretion away from our judges in sentencing.  Fentanyl is such a powerful drug that is killing our people from young to old and this bill is a rewrite from last session.  I would like to hear your thoughts.
There has been disagreement this past week in our Joint Finance and Appropriations Committee on the process that is being taken on hearing budgets.  Some believe the new process of presenting maintenance budgets first, is not giving a clear picture of what “actually” is a full maintenance budget.  Those who like this new process say this will give the Legislature and you, the people, a more transparent view of what is actually in every budget.  Leadership in both Chambers are working together to find a solution.  Stay tuned.  We will see what they work out.
This week I continued my work on finding a solution for our Seed Producers who are having a hard time getting payments on time from some Seed dealers.  On Thursday I met with Farm Bureau, the Director and Assistant Director of the Department of Ag., along with other folks who represent these producers and dealers to discuss the problem, and to see what possible solutions we can find.  We will continue our discussions over the next couple of weeks and then will decide how we want to proceed.  This might be something that will take this session and next before we get the best solution for all.
Next week I will be presenting several of my bills, and a resolution to start discussions about Idaho Students attending the new Veterinarian School at Utah State.  We are hoping that the University of Idaho folks can begin talks with Utah State to reserve some seats for Idaho students.  With the shortage of Large Vets in our State, and the fact that Idaho does not have a vet school, we want to ensure we have spots for our Idaho students to attend school to become a large vet and come back to Idaho to practice.  We have such an agreement with Washington State University for a certain number of Idaho seats, similar to the Medical program, WWAMI.
Wishing you all a wonderful weekend, and I’ll be back in touch next Friday.
In Service,
Representative Lori McCann
District 6A"
5,0.9982111378631792,206,Miami Corruption Tracker,"The FBI raided the waterfront home of major Miami-Dade developer Sergio Pino and his company’s office in Coral Gables last week on June 24, according to reporting by the Miami Herald. This unleashed a series of headlines around the world, unveiling toxic details about Mr. Pino’s divorce proceedings with his wife, including allegations that he “poisoned his estranged wife multiple times with fentanyl” (NY Post) and “Sergio Pino says someone shot at the front door of his home, made phone threats” (Miami Herald).

So who is Sergio Pino? He is a prominent developer specializing in Doral real estate, yet he is also a notorious businessman known for his controversial dealings. Despite remaining largely out of the headlines since the collapse and bailout of U.S. Century Bank, a bank in which he was a major early investor and served as Vice President of its board, his name has resurfaced due to details emerging from his contentious divorce. 

Known for his significant local influence, Pino has been a major fundraiser, giving prolific sums to Miami’s political dynasties for decades, currying favor from local politicians and rubbing elbows with the powerful. Since he is in the current spotlight, we decided that Miamians deserve a recap of his influence and indiscretions.,El desarrollador de Miami-Dade, Sergio Pino, ha sido objeto de la atención mundial debido a las acusaciones en torno a su divorcio. Las acusaciones incluyen envenenamiento y amenazas, generando una investigación del FBI. Además, Pino ha sido implicado en controversias financieras y donaciones políticas influyentes en el condado de Miami-Dade."
5,0.9981278524964593,1144,Paul Edward King,"PLEASE SHARE! 🙏
It's an Upside down world.

We live in a world where James Jones, Hitler and Joseph Stalin can kill hundreds and get nothing, but a man get fined 83.3 million   for an alleged rape?
We live in a world that the news pushes their opinion and narrative on us, that's not news it's biased. 
We have a country where veterans don't get care and homeless sleep on the street, but we care for 15 million illegals.
Our country pays the lazy not to work with welfare and social security disability ( to those are able to work) and meal tickets while taxes us to extinction.
The better you do in life (the harder your work) the more they take.
People want support for their kids that they created and pay to go to college but let's not make insulin affordable for those with diabetes.
Government overstepping its boundaries and rights telling states what they can do or not do in their own states, while illegals are bankrupting them.

People are allowed to have open Satan worshipping while Christian churches are condemned in many liberal cities. 
Our country is against most of what God stands for such as man married to a woman and raising a godly family.
 Not only is America against it they push the gay agenda.
Pedophiles and sex trafficking is running rampant in America, as well as drug use, especially fentanyl. 

Squatters are given as many rights as the homeowner's and their home that they break into and invade, then destroy.

LASTLY, just who in their right mind thinks it's okay for children to want to be another sex or identify as an animal?
Go ahead and vote for those liberal far left loons, this is the result of it.
Paul E King"
5,0.998115317363131,1151,Paul Edward King,"PLEASE SHARE!
It's an Upside down world.

We live in a world where James Jones, Hitler and Joshep Stalin can kill hundreds and get nothing, but a man get fined 83.3 million   for an alleged rape?
We live in a world that the news pushes their opinion and narrative on us, that's not news it's biased. 
We have a country where veterans don't get care and homeless sleep on the street, but we care for 15 million illegals.
Our country pays the lazy not to work with welfare and social security disability ( to those are able to work) and meal tickets while taxes us to extinction.
The better you do in life (the harder your work) the more they take.
People want support for their kids that they created and pay to go to college but let's not make insulin affordable for those with diabetes.
Government overstepping its boundaries and rights telling states what they can do or not do in their own states, while illegals are bankrupting them.

People are allowed to have open Satan worshipping while Christian churches are condemned in many liberal cities. 
Our country is against most of what God stands for such as man married to a woman and raising a godly family.
 Not only is America against it they push the gay agenda.
Pedophiles and sex trafficking is running rampant in America, as well as drug use, especially fentanyl. 

Squatters are given as many rights as the homeowner's and their home that they break into and invade, then destroy.

LASTLY, just who in their right mind thinks it's okay for children to want to be another sex or identify as an animal?
Go ahead and vote for those liberal far left loons, this is the result of it.
PLEASE SHARE"
5,0.9980766841939656,1153,Paul Edward King,"Upside down world.
We live in a world where James Jones, Hitler and Joshep Stalin can kill hundreds and get nothing, but a man get fined 83.3 million   for an alleged rape?
We live in a world that the new pushes their opinion and narrative on us, that's not news it's biased. 
We have a country where veterans don't get care and homeless sleep on the street, but we care for 15 million illegals.
Our country pays the lazy not to work with welfare and social security disability ( to those are able) and meal tickets while taxes us to extinction.
The better you do in life (the harder your work) the more they take.
People want support for their kids that they created and pay to go to college but let's not make insulin affordable for those with diabetes.
Government overstepping its boundaries and rights telling states what they can do or not do in their own states, while illegals are bankrupting them.
People are allowed to have open Satan worshipping while Christian churches are condemned in many liberal cities. 
Our country is against most of what God stands for such as man married to a woman and raising a godly family. Not only is America against it they push the gay agenda.
Pedophiles and sex trafficking is running rampant in America, as well as drug use, especially fentanyl. 
Squatters are given as many rights as the homeowner's and their home that they break into and invade, then destroy.

LASTLY, just who in their right mind thinks it's okay for children to want to be another sex or identify as an animal?
Go ahead and vote for those liberal far left loons, this is the result of it.
PLEASE SHARE"
5,0.9980226401615444,1156,Paul Edward King,"Upside down world.
We live in a world where James Jones, Hitler and Joshep Stalin can kill hundreds and get nothing, but a man get fined 83.3 million   for an alleged rape?
We live in a world that the new pushes their opinion and narrative on us, that's not news it's biased. 
We have a country where veterans don't get care and homeless sleep on the street, but we care for 15 million illegals.
Our country pays the lazy not to work with welfare and social security and meal tickets while taxes us to extinction.
The better you do in life (the harder your work) the more they take.
People want support for their kids that they created and pay to go to college but let's not make insulin affordable for those with diabetes.
Government overstepping its boundaries and rights telling states what they can do or not do in their own states, while illegals are bankrupting them.
People are allowed to have open Satan worshipping while Christian churches are condemned in many liberal cities. 
Our country is against most of what God stands for such as man married to a woman and raising a godly family. Not only is America against it they push the gay agenda.
Pedophiles and sex trafficking is running rampant in America, as well as drug use, especially fentanyl. 
Squatters are given as many rights as the homeowner's and their home that they break into and invade, then destroy.

LASTLY, just who in their right mind thinks it's okay for children to want to be another sex or identify as an animal?
Go ahead and vote for those liberal far left loons, this is the result of it."
5,0.9979506561283955,525,Will Kendall for Sheriff,"Have you seen our new ad? 🔊

When it comes to keeping Houston County safe, experience matters! I'm a Marine, a criminal investigator, and a conservative who will uphold both our Constitution and the rule of law. My extensive experience in the military, the courtroom, and law enforcement makes me uniquely qualified and ready to protect our community on day one.

Learn more by visiting my website, www.kendall4sheriff.com, or call me on my cell at (812) 309-8345. I hope to earn your vote!

--
More about Will below:

Will has spent his entire adult life in service at the local, state, and federal levels. He started his career as an eight-year Marine Combat Veteran, which included serving as a military working dog handler and a criminal investigator, before becoming the District Attorney of Houston County. He has dedicated his life to serving with integrity and utilizing and honing his leadership skills for the betterment of his community and country.
 
As District Attorney, Will has fought hard against crime in the Houston County community. From criminal street gangs to drug cartels and traffickers of fentanyl, he has always stepped up to meet the needs of the neighborhoods to keep them safe. Even as District Attorney, Will has regarded his office as a place of public service, never turning anyone away and always keeping an open door. He vows to continue to do the same thing as sheriff and ensure Houston County is, and remains, a safe place for families and businesses."
5,0.9977722412906658,1016,Lori Bishop for Idaho Senate,"Each day in the Idaho Legislature the future of our state is being decided one vote at a time. Here are some of the important decisions that were made this past week: 

S1245 Clarifying that current regulations of pesticide labeling is sufficient, this bill was sponsored by seventeen legislators who represent agricultural areas in Idaho. Designed to prevent excessive lawsuits, this bill failed in the Senate by a 15-19-1 vote.  My opponent voted against this bill. 

S1261 passed the Senate on a close vote this week and will now go to the House. This bill establishes a teleworking policy for state employees in all three branches of government, limiting the number of staff that can work remotely.

S1253  The Children’s Device Protection Act requires parental protection software to be automatically turned on when devices intended for use by a minor are sold in Idaho. It has passed the Senate and is now in the House State Affairs Committee.  While this is not a silver bullet to keep children safe online, it serves as another layer of protection that I support.  My opponent voted against this bill.

H406 has been passed by both chambers and now awaits the Governor Little’s consideration.  This bill sets mandatory minimum sentences for trafficking fentanyl in Idaho, and establishes the crime of drug-induced homicide.
Read more in this week's newsletter:"
5,0.997680454481872,604,Will Kendall for Sheriff,"The second week of early voting is underway! Will you help our campaign by sharing this post with your friends and family? As always, if you know anyone who is still on the fence about the Sheriff's election, please have them call me on my cell: (812) 309-8345. I would love to earn their vote!

----
Learn more about Will below:

Will has spent his entire adult life in service at the local, state, and federal levels. He started his career as an eight-year Marine Combat Veteran, which included serving as a military working dog handler and a criminal investigator, before becoming the District Attorney of Houston County. He has dedicated his life to serving with integrity and utilizing and honing his leadership skills for the betterment of his community and country.

As District Attorney, Will has fought hard against crime in the Houston County community. From criminal street gangs to drug cartels and traffickers of fentanyl, he has always stepped up to meet the needs of the neighborhoods to keep them safe. Even as District Attorney, Will has regarded his office as a place of public service, never turning anyone away and always keeping an open door. He vows to continue to do the same thing as sheriff and ensure Houston County is, and remains, a safe place for families and businesses."
